BUS_jl,EBUS,FOREST_OF_TREES,PROPOSAL_ARRAY,BUS
34.43111111111111,35.21,67.41333333333333,145.737778,228.017778
37.44511111111112,38.42466666666667,68.45877777777778,153.217333,287.244500
56.972750000000005,51.73496666666667,79.29836666666667,175.152106,364.956528
122.21436,105.42356666666667,186.23369222222223,473.593359,545.756091
271.6281437777778,238.41147011111107,282.4561195555556,562.613942,699.163954
