BUS_jl,EBUS,FOREST_OF_TREES,PROPOSAL_ARRAY,BUS
49.24100000000001,55.594,89.306,62.245500,292.308000
54.6585,54.5964,110.7627,64.748750,357.435800
76.08434000000001,70.29203,96.9549,71.600315,444.501765
188.84553,160.68870000000004,238.30616,276.321907,626.735656
328.4552213,301.40125230000007,359.1469381,313.205332,775.075246
