BUS_jl,EBUS,PROPOSAL_ARRAY,BUS
37.8865,47.36577777777778,191.952000,353.357889
46.67111111111111,59.58733333333334,303.560228,406.602189
61.647711666666666,123.64840111111111,481.611554,539.934302
194.03519794444446,228.00655733333338,570.557656,677.130825
227.64725353333336,249.23349063333333,,763.324006
