ALIAS_TABLE,BUS_jl,EBUS,FOREST_OF_TREES,PROPOSAL_ARRAY,BUS
4.977360000000001,14.441960000000002,19.1444,55.123,20.178000,38.994000
7.090738000000001,17.664364000000003,14.89706,62.7064,20.596750,36.621900
11.420221000000002,16.934503,16.370885,50.05139,22.905630,38.421515
11.852688400000002,48.442181399999996,25.869026400000003,73.729203,39.445289,60.514785
16.0455769,46.580124080000004,51.222012140000004,189.9514425,71.671075,104.824199
